"DeploymentLabel","total_imgs","total_animals","total_species","species_list","etp_present","felids_present","start_date","end_date","shannon","DDLat","DDLon"
"C-1",13,13,4,"Brazilian Agouti, Crab-Eating Fox, Lowland Paca, Tayra",FALSE,FALSE,2024-10-02 03:01:00,2024-12-26 01:58:00,1.11896886688163,6.377439,-58.081517
"C-2",418,418,1,"Brazilian Agouti",FALSE,FALSE,2024-09-18 13:55:00,2024-12-07 17:05:00,0,6.380956,-58.080925
"MC-1",530,530,5,"Black-Crowned Night-Heron, Cattle Egret, House Wren, Masked Water Tyrant, Smooth-Billed Ani",FALSE,FALSE,2024-10-05 05:38:00,2024-10-20 07:53:00,0.701283979646901,6.659264,-57.921328
"MC-10",5,12,2,"Red Brocket, White-Lipped Peccary",TRUE,FALSE,2025-04-05 05:44:00.384,2025-04-20 22:21:59.904,0.450561208866305,6.518928,-57.999458
"MC-11",1,1,1,"Red Brocket",FALSE,FALSE,2025-05-02 20:02:00.096,2025-05-02 20:02:00.096,0,6.474156,-57.942744
"MC-12",57,62,11,"Brazilian Agouti, Common Tegu, Crab-Eating Raccoon, Grey-Fronted Dove, Guyenne Spiny-Rat, Jaguarundi, Lowland Paca, Pauraque, Ring-Tailed Coati, Smooth-Billed Ani, Southern Tamandua",FALSE,TRUE,2025-02-13 02:56:59.712,2025-04-01 08:04:00.192,2.02359861357452,6.444064,-57.942164
"MC-13",86,106,5,"Capybara, Giant Otter, Lowland Paca, Ring-Tailed Coati, Wattled Jacana",TRUE,FALSE,2025-02-13 07:55:59.808,2025-05-01 03:05:00.096,0.422680105347094,6.444842,-57.942339
"MC-14",2,3,2,"Red Brocket, White-Lipped Peccary",TRUE,FALSE,2025-03-28 14:18:59.616,2025-04-02 10:51:59.616,0.636514168294813,6.452678,-58.001997
"MC-18",74,75,5,"Brazilian Agouti, Brazilian Tapir, Lowland Paca, Red Brocket, Tayra",TRUE,FALSE,2025-02-15 02:24:59.904,2025-05-11 10:30:59.904,0.919752669567386,6.382692,-58.081356
"MC-19",2,3,2,"Jaguar, Red Brocket",TRUE,TRUE,2025-03-16 17:51:59.904,2025-03-27 20:40:59.808,0.636514168294813,6.382622,-58.080778
"MC-2",688,9904,5,"Cattle Egret, Hoatzin, Little Blue Heron, Smooth-Billed Ani, Tricolored Heron",FALSE,FALSE,2025-02-14 13:57:00.288,2025-03-10 11:11:59.712,0.0441753579877688,6.6424,-57.918844
"MC-2-1",20,24,4,"Blue-Gray Tanager, Casiragua, Giant Anteater, Little Chachalaca",TRUE,FALSE,2024-10-06 15:38:00,2024-11-15 19:29:00,1.12692879480068,6.537069,-57.945783
"MC-21",136,140,3,"Brazilian Agouti, Lowland Paca, Red Brocket",FALSE,FALSE,2025-02-13 11:06:00.288,2025-05-11 03:05:59.712,0.117187556898069,6.381256,-58.080811
"MC-23",33,33,3,"Brazilian Agouti, Lowland Paca, Tayra",FALSE,FALSE,2025-05-20 15:14:00,2025-08-12 11:58:00,0.68108864444256,6.336778,-58.094167
"MC-24",1,1,1,"Brazilian Agouti",FALSE,FALSE,2025-05-24 11:05:00,2025-05-24 11:05:00,0,6.363333,-58.069278
"MC-25",3,3,1,"Brazilian Tapir",TRUE,FALSE,2025-06-15 03:58:00,2025-07-22 04:30:00,0,6.327583,-58.098028
"MC-26",7,15,4,"Brazilian Tapir, Collared Peccary, Lowland Paca, Ring-Tailed Coati",TRUE,FALSE,2025-05-14 21:41:00,2025-07-22 04:42:00,1.08325501051851,6.342494,-58.129231
"MC-29",15,27,4,"Brazilian Agouti, Giant Anteater, Ring-Tailed Coati, Weeper Capuchin Monkey",TRUE,FALSE,2025-05-20 12:42:00,2025-08-05 09:05:00,0.919409354203618,6.36025,-58.108711
"MC-3",36,38,7,"Brazilian Agouti, Collared Peccary, Crab-Eating Raccoon, King Vulture, Pauraque, Red Brocket, Southern Tamandua",FALSE,FALSE,2025-02-17 02:19:00,2025-04-20 22:04:00,1.58874307285721,6.537256,-57.946669
"MC-3-1",38,44,8,"Brazilian Agouti, Collared Peccary, Common Tegu, Giant Otter, Grey-Fronted Dove, Guyenne Spiny-Rat, Lowland Paca, Weeper Capuchin Monkey",TRUE,FALSE,2024-10-14 09:34:01.056,2024-10-31 18:02:15.936,1.87396452287343,6.537258,-57.946667
"MC-31",1,20,1,"Ring-Tailed Coati",FALSE,FALSE,2025-06-29 14:45:00,2025-06-29 14:45:00,0,6.341967,-58.131806
"MC-32",1,1,1,"Black-Throated Mango",FALSE,FALSE,2025-07-03 06:50:00,2025-07-03 06:50:00,0,6.359525,-58.126311
"MC-34",4,4,1,"Glittering-Throated Emerald",FALSE,FALSE,2025-05-26 06:26:00,2025-08-06 09:03:00,0,6.36025,-58.108711
"MC-4",42,42,5,"Black Rat, Green-Backed Heron, Grey-Fronted Dove, Murine Mouse Opossum, Squirrel Cuckoo",FALSE,FALSE,2025-02-13 16:14:00.384,2025-04-26 09:41:59.712,0.953256252840686,6.537203,-57.945811
"MC-4-1",10,12,3,"Collared Peccary, Jaguar, Red Brocket",TRUE,TRUE,2024-10-20 21:27:00.288,2024-11-10 12:20:49.632,1.01140426470735,6.536944,-57.9521
"MC-5",674,3286,10,"Black Rat, Brazilian Agouti, Brown-Crested Flycatcher, Giant Otter, Green Ibis, Little Chachalaca, Lowland Paca, Savanna Hawk, Weeper Capuchin Monkey, White-Lipped Peccary",TRUE,FALSE,2025-02-15 12:29:00.384,2025-05-05 07:17:00.096,0.618674008526767,6.536847,-57.952386
"MC-5-1",26,26,2,"Guyenne Spiny-Rat, Red Brocket",FALSE,FALSE,2024-10-06 21:57:00,2024-11-14 01:31:00,0.540204142388861,6.524742,-57.956853
"MC-6",14,22,3,"Common Squirrel Monkey, Little Chachalaca, Weeper Capuchin Monkey",FALSE,FALSE,2025-03-14 06:00:59.904,2025-04-29 08:58:59.808,0.759547391474863,6.536947,-57.952097
"MC-6-1",18,18,3,"Grey-Fronted Dove, Ocelot, Puma",FALSE,TRUE,2023-05-09 17:18:00,2023-06-16 11:14:00,0.964962923007428,6.518839,-57.99935
"MC-7",72,72,8,"Common Squirrel Monkey, Kinkajou, Murine Mouse Opossum, Roadside Hawk, Spiny Tree Rat, Straight-Billed Woodcreeper, Weeper Capuchin Monkey, White-Throated Toucan",FALSE,FALSE,2025-02-11 15:48:59.616,2025-05-05 07:26:59.712,1.68945271501009,6.537011,-57.951978
"MC-7-1",12,24,3,"Collared Peccary, Giant Anteater, Ocelot",TRUE,TRUE,2024-11-14 12:02:00,2024-12-09 01:12:00,0.887694275799104,6.519261,-57.999097
"MC-8",142,192,4,"Giant Otter, Green Ibis, Red Brocket, Savanna Hawk",TRUE,FALSE,2025-02-24 10:03:59.904,2025-05-07 09:56:00.384,0.17339243247562,6.518928,-57.999458
"MC-8-1",924,924,6,"Boat-Billed Heron, Capybara, Giant Anteater, Giant Otter, Grey-Fronted Dove, Southern Opossum",TRUE,FALSE,2024-10-17 11:07:00,2024-12-08 09:21:00,0.296591735112435,6.4741,-57.942703
"OMP1025-01",12,13,5,"Bat, Little Chachalaca, Murine Mouse Opossum, Rodent, Southern Tamandua",FALSE,FALSE,2025-10-29 22:43:00,2025-12-24 04:13:00,1.5649572502428,6.536972,-57.952
"OMP1025-03",74,74,1,"Rodent",FALSE,FALSE,2025-10-31 23:34:00,2025-10-31 23:34:00,0,6.383556,-58.078389
"OMP1025-04",16,16,3,"Brazilian Agouti, Giant Anteater, Ocelot",TRUE,TRUE,2025-12-28 05:39:00,2026-01-29 06:49:00,0.831402520495638,6.536917,-57.952167
"OMP1025-06",102,147,10,"Black-Collared Hawk, Boat-Billed Heron, Brazilian Agouti, Common Tegu, Giant Otter, Great Black-Hawk, Green Ibis, Murine Mouse Opossum, Rodent, White-Tipped Dove",TRUE,FALSE,2025-10-31 11:45:32.832,2026-01-27 14:13:18.336,1.8021741345966,6.51925,-57.999111
"OMP1025-07",88,154,5,"Crab-Eating Raccoon, Great Black-Hawk, Murine Mouse Opossum, Rufous Crab-Hawk, Scarlet Ibis",FALSE,FALSE,2025-11-21 04:08:00,2026-02-09 06:11:00,1.23396015920869,6.658833,-57.920889
"OMP1025-09",22,22,6,"Great Black-Hawk, Lowland Paca, Ocelot, Ring-Tailed Coati, Rufescent Tiger Heron, Weeper Capuchin Monkey",FALSE,TRUE,2025-10-31 09:47:00,2026-01-19 15:16:00,1.59416669911802,6.518833,-57.995472
"OMP1025-10",3,3,2,"Bat, Great Black-Hawk",FALSE,FALSE,2025-11-23 07:52:00,2025-12-10 18:40:00,0.636514168294813,6.380944,-58.081222
"OMP1025-12",136,186,12,"Bat, Capybara, Common Tegu, Giant Otter, Green-Backed Heron, Pale-Breasted Thrush, Rodent, Ruddy Ground Dove, Silver-Beaked Tanager, Smooth-Billed Ani, Spectacled Caiman, White-Tipped Dove",TRUE,FALSE,2025-10-29 17:01:00,2026-01-12 17:28:00,1.11524385941355,6.527278,-57.900306
"OMP1025-13",18,19,4,"Agami Heron, Murine Mouse Opossum, Rodent, Straight-Billed Woodcreeper",FALSE,FALSE,2025-10-28 15:20:00,2025-12-16 18:40:00,0.897622184878044,6.537222,-57.945806
"OMP1025-14",55,56,10,"Brazilian Squirrel, Common Tegu, Great Black-Hawk, Lowland Paca, Ocelot, Ring-Tailed Coati, Rodent, Rufescent Tiger Heron, Weeper Capuchin Monkey, White-Tipped Dove",FALSE,TRUE,2025-10-29 13:24:00,2026-01-19 15:15:00,1.58391628815267,6.518917,-57.995472
"OMP1025-15",6,10,3,"Bat, Giant Otter, Green Ibis",TRUE,FALSE,2025-10-28 20:49:00,2026-01-06 15:08:00,0.89794572485678,6.519222,-57.999194
"OMP1025-16",35,37,8,"Crab-Eating Raccoon, Giant Anteater, Giant Otter, Lowland Paca, Ocelot, Red Brocket, Ring-Tailed Coati, White-Tipped Dove",TRUE,TRUE,2025-11-02 19:46:00,2026-01-25 06:29:00,1.80288867237854,6.518889,-57.999333
"OMP1025-17",9,20,2,"Giant Otter, Hummingbird",TRUE,FALSE,2025-11-24 07:35:00,2025-12-28 12:40:00,0.198515243345873,6.52725,-57.900333
"OMP1025-19",3,3,3,"Brazilian Agouti, Murine Mouse Opossum, Rodent",FALSE,FALSE,2025-11-24 20:44:00,2025-12-15 22:20:00,1.09861228866811,6.383194,-58.078278
"OMP1025-20",4,4,2,"Puma, Red Brocket",FALSE,TRUE,2025-10-29 22:40:00,2025-12-31 20:54:00,0.562335144618808,6.382611,-58.080806
